month,word,count,comments,score
2015-02-28,money,2107,155890,218964
2015-02-28,wallet,1724,119498,150751
2015-02-28,buy,1255,88202,114469
2015-02-28,price,1227,66284,84619
2015-02-28,coinbase,1168,118204,170220
2015-02-28,blockchain,1133,73866,118421
2015-02-28,currency,1128,102872,132989
2015-02-28,bank,974,72943,128416
2015-02-28,address,906,73571,109083
2015-02-28,ni,889,76404,106533
2016-08-31,bitfinex,1833,614328,250363
2016-08-31,wallet,1501,145350,105626
2016-08-31,money,1373,234293,131596
2016-08-31,blockchain,929,91747,65975
2016-08-31,exchange,914,139193,78683
2016-08-31,buy,722,56485,43140
2016-08-31,coins,699,136394,71192
2016-08-31,account,613,133745,51749
2016-08-31,price,593,59219,39398
2016-08-31,transaction,592,53883,36508
2015-11-30,money,1427,94677,177176
2015-11-30,blockchain,1150,48329,84594
2015-11-30,price,1126,83953,180573
2015-11-30,buy,1032,60910,124810
2015-11-30,wallet,895,30702,42067
2015-11-30,block,678,68296,69803
2015-11-30,transactions,668,57325,69114
2015-11-30,coinbase,666,49217,103572
2015-11-30,comments,654,27351,93313
2015-11-30,transaction,648,49007,59612
2016-06-30,price,1520,70302,158620
2016-06-30,money,1462,65151,127509
2016-06-30,buy,1289,53307,79575
2016-06-30,wallet,1173,30904,34073
2016-06-30,blockchain,1041,38008,62736
2016-06-30,transaction,747,38199,33489
2016-06-30,transactions,721,42651,43758
2016-06-30,value,678,32058,51745
2016-06-30,sell,670,36054,49991
2016-06-30,coinbase,667,18676,25755
2015-07-31,money,2193,159549,266262
2015-07-31,blockchain,1586,84429,132752
2015-07-31,wallet,1502,82209,108416
2015-07-31,transactions,1485,108344,115212
2015-07-31,block,1378,112990,120807
2015-07-31,buy,1285,90883,174240
2015-07-31,transaction,1225,76078,85005
2015-07-31,network,1007,86472,84042
2015-07-31,fee,960,78686,76151
2015-07-31,currency,957,66188,119986
2016-01-31,core,1545,268202,247878
2016-01-31,money,1339,85073,109808
2016-01-31,block,1336,171851,191782
2016-01-31,blockchain,1205,59591,83097
2016-01-31,fork,1160,151228,148041
2016-01-31,transactions,1038,94042,90259
2016-01-31,hard,975,141644,142533
2016-01-31,network,931,98672,102399
2016-01-31,wallet,900,44481,52867
2016-01-31,transaction,877,79360,72250
2017-10-31,buy,4382,277591,1180674
2017-10-31,wallet,4332,158649,343556
2017-10-31,fork,3849,279569,816858
2017-10-31,money,3641,313144,1484524
2017-10-31,coins,3019,185628,621059
2017-10-31,price,2981,195228,821905
2017-10-31,coinbase,2761,202564,535139
2017-10-31,value,2157,168411,715877
2017-10-31,nhttps,2105,65868,211049
2017-10-31,right,1913,173386,747917
2017-09-30,buy,4209,426883,1582435
2017-09-30,money,3483,327219,1246459
2017-09-30,price,3094,282812,853480
2017-09-30,wallet,2779,120986,206026
2017-09-30,china,2421,248991,704340
2017-09-30,coinbase,1985,116123,239115
2017-09-30,coins,1746,114733,281304
2017-09-30,down,1736,156799,527687
2017-09-30,sell,1736,149946,487625
2017-09-30,crypto,1730,185000,739659
2017-02-28,price,1590,75391,110800
2017-02-28,money,1578,101790,194328
2017-02-28,wallet,1542,47227,43395
2017-02-28,buy,1510,74598,137859
2017-02-28,segwit,1368,157627,114850
2017-02-28,transaction,1178,58238,68841
2017-02-28,miners,1047,96048,73938
2017-02-28,coinbase,1035,35500,47980
2017-02-28,transactions,1012,73064,69638
2017-02-28,blockchain,1001,43051,61964
2017-05-31,buy,2733,166660,420304
2017-05-31,segwit,2704,257761,365071
2017-05-31,wallet,2466,80019,170609
2017-05-31,price,2436,166224,374157
2017-05-31,money,2239,156279,314231
2017-05-31,uasf,2128,165091,284376
2017-05-31,transaction,1968,73812,141343
2017-05-31,coinbase,1816,74107,117882
2017-05-31,support,1524,102859,170524
2017-05-31,coins,1509,85178,242600
2017-07-31,wallet,2776,187959,181894
2017-07-31,segwit,2157,142849,262057
2017-07-31,coins,1931,165233,311005
2017-07-31,buy,1916,108712,484672
2017-07-31,money,1876,138754,459817
2017-07-31,fork,1868,147883,194030
2017-07-31,coinbase,1527,120604,186207
2017-07-31,price,1485,88696,210197
2017-07-31,bcc,1477,173540,189907
2017-07-31,block,1378,76126,113434
2017-08-31,wallet,3700,326652,514027
2017-08-31,buy,3476,267429,829477
2017-08-31,money,3236,336536,1288698
2017-08-31,price,2917,237030,517029
2017-08-31,segwit,2805,289087,521268
2017-08-31,coins,2164,202817,305735
2017-08-31,block,2079,262065,312505
2017-08-31,fees,2027,167765,354496
2017-08-31,transaction,1992,166759,332327
2017-08-31,value,1959,176090,420458
2015-10-31,money,1468,86303,124495
2015-10-31,blockchain,1464,66889,155851
2015-10-31,wallet,1131,37414,39073
2015-10-31,price,865,44717,66075
2015-10-31,buy,821,32622,59956
2015-10-31,transaction,704,24393,28944
2015-10-31,bank,617,30793,47582
2015-10-31,value,597,43746,44136
2015-10-31,transactions,577,32701,42608
2015-10-31,block,572,36831,39768
2015-04-30,money,2013,164583,246893
2015-04-30,blockchain,1280,84539,107584
2015-04-30,wallet,1221,58298,92429
2015-04-30,price,1196,113463,120122
2015-04-30,buy,1132,86952,97556
2015-04-30,currency,896,64237,99677
2015-04-30,deleted,778,117648,98103
2015-04-30,comments,778,51031,95196
2015-04-30,same,767,63193,103468
2015-04-30,being,751,67912,113653
2015-03-31,money,2137,177172,223311
2015-03-31,wallet,1643,111269,110461
2015-03-31,buy,1277,97281,120561
2015-03-31,price,1225,83626,103784
2015-03-31,blockchain,1130,62920,76597
2015-03-31,coins,1067,99782,90050
2015-03-31,currency,963,74751,119368
2015-03-31,deleted,880,171229,109617
2015-03-31,exchange,879,63212,100388
2015-03-31,address,863,48365,63654
2015-09-30,money,1262,89955,132518
2015-09-30,blockchain,1238,64182,89062
2015-09-30,block,896,75235,64613
2015-09-30,wallet,818,35814,44803
2015-09-30,transactions,760,55773,59320
2015-09-30,buy,678,47745,52574
2015-09-30,network,645,54040,51233
2015-09-30,transaction,600,34246,34096
2015-09-30,mining,572,59989,58943
2015-09-30,being,547,44632,57321
2016-04-30,money,937,40957,81120
2016-04-30,wallet,886,28500,42180
2016-04-30,blockchain,803,23296,39723
2016-04-30,price,580,22063,21439
2016-04-30,buy,572,22360,36568
2016-04-30,coinbase,522,15891,17841
2016-04-30,transaction,467,21504,20242
2016-04-30,transactions,452,21108,21419
2016-04-30,network,444,20468,20221
2016-04-30,same,392,19255,26713
2015-08-31,block,1566,173062,161920
2015-08-31,money,1433,94730,128241
2015-08-31,blockchain,1351,87385,107097
2015-08-31,wallet,1228,45534,50826
2015-08-31,network,1016,107544,94952
2015-08-31,size,859,102326,82263
2015-08-31,transactions,829,63311,62695
2015-08-31,buy,813,45808,72820
2015-08-31,miners,786,77486,69836
2015-08-31,xt,785,185987,90848
2015-12-31,blockchain,1361,71558,112357
2015-12-31,money,1191,71640,166437
2015-12-31,block,1085,100015,98462
2015-12-31,wallet,1081,48508,54129
2015-12-31,transactions,924,62629,63641
2015-12-31,price,913,52149,59126
2015-12-31,buy,887,44698,49634
2015-12-31,transaction,869,52076,55531
2015-12-31,satoshi,862,119564,194984
2015-12-31,coinbase,835,94515,161951
2017-12-31,buy,1089,123301,710419
2017-12-31,money,1068,159493,833476
2017-12-31,wallet,954,54457,78614
2017-12-31,price,795,81805,391065
2017-12-31,coinbase,785,70747,195955
2017-12-31,sell,603,89006,424792
2017-12-31,coins,521,32978,108610
2017-12-31,value,513,56294,252696
2017-12-31,crypto,494,77711,345855
2017-12-31,currency,492,56612,288471
2017-03-31,bu,3233,406678,454446
2017-03-31,miners,2691,355161,359595
2017-03-31,segwit,2602,294438,306700
2017-03-31,core,2213,242835,276449
2017-03-31,fork,2085,217668,223935
2017-03-31,block,2076,209578,219584
2017-03-31,price,1865,120535,190721
2017-03-31,buy,1680,92003,136220
2017-03-31,chain,1634,219692,229460
2017-03-31,money,1595,119879,211649
2017-04-30,segwit,2221,173856,291109
2017-04-30,miners,1336,90173,152500
2017-04-30,money,1136,61607,128223
2017-04-30,comments,1101,46264,114434
2017-04-30,uasf,1067,73268,128360
2017-04-30,mining,1028,68008,133190
2017-04-30,support,975,52502,90340
2017-04-30,block,974,65181,100695
2017-04-30,wallet,917,30406,53297
2017-04-30,transaction,856,25777,46223
2017-04-30,asicboost,856,67562,116712
2016-02-29,blockchain,990,40401,42744
2016-02-29,money,985,47333,75136
2016-02-29,wallet,958,38774,50196
2016-02-29,block,829,82810,71154
2016-02-29,core,734,80700,67249
2016-02-29,network,700,70946,58505
2016-02-29,transaction,696,40960,36289
2016-02-29,transactions,671,55202,45541
2016-02-29,fork,585,63689,46340
2016-02-29,blocks,544,49308,35613
2016-07-31,money,1253,63221,87708
2016-07-31,wallet,1088,34025,35333
2016-07-31,price,974,42364,39597
2016-07-31,coinbase,858,66290,89808
2016-07-31,buy,837,33860,35062
2016-07-31,blockchain,809,29682,52776
2016-07-31,block,664,41597,60558
2016-07-31,coins,562,25071,23049
2016-07-31,exchange,558,18519,21290
2016-07-31,transaction,532,19037,21471
2015-01-31,price,3331,289144,329898
2015-01-31,money,2977,250292,329354
2015-01-31,buy,2303,176871,223410
2015-01-31,wallet,2150,125032,164085
2015-01-31,coins,1770,140601,185056
2015-01-31,exchange,1710,136193,226977
2015-01-31,coinbase,1545,112944,204037
2015-01-31,deleted,1463,172840,216467
2015-01-31,blockchain,1360,91502,130379
2015-01-31,currency,1351,113227,172642
2015-06-30,block,1979,213425,196969
2015-06-30,money,1553,112771,189008
2015-06-30,blockchain,1549,86847,125532
2015-06-30,transactions,1331,117259,119564
2015-06-30,wallet,1168,58557,78873
2015-06-30,size,1135,146510,130349
2015-06-30,network,1118,112812,114317
2015-06-30,buy,1036,63843,122547
2015-06-30,blocks,1034,108986,93372
2015-06-30,price,1021,75282,98199
2016-11-30,nhttps,1473,36216,34698
2016-11-30,segwit,1124,102892,90073
2016-11-30,wallet,1084,33853,55441
2016-11-30,money,1019,50184,84723
2016-11-30,buy,929,32784,47357
2016-11-30,blockchain,914,37919,59315
2016-11-30,coinbase,823,32734,52140
2016-11-30,block,797,60915,49441
2016-11-30,transactions,776,48437,50319
2016-11-30,transaction,756,36358,35659
2016-03-31,blockchain,1004,41237,47291
2016-03-31,money,856,42238,84634
2016-03-31,wallet,847,29756,39073
2016-03-31,block,839,90488,76922
2016-03-31,transactions,801,54614,53995
2016-03-31,network,653,55268,48660
2016-03-31,transaction,632,35185,34027
2016-03-31,coinbase,603,32180,141314
2016-03-31,core,574,74140,57258
2016-03-31,buy,573,21672,28395
2016-12-31,wallet,1532,48729,69008
2016-12-31,money,1527,81149,151122
2016-12-31,buy,1477,79634,143781
2016-12-31,coinbase,1253,58772,68739
2016-12-31,price,1225,62076,109110
2016-12-31,blockchain,1026,51302,77459
2016-12-31,nhttps,962,23423,45642
2016-12-31,value,773,44143,69378
2016-12-31,transactions,764,48586,54511
2016-12-31,transaction,736,35470,36068
2015-05-31,money,1879,183172,289494
2015-05-31,block,1847,211532,238044
2015-05-31,blockchain,1836,141112,219839
2015-05-31,wallet,1298,69454,78944
2015-05-31,transactions,1153,110641,139822
2015-05-31,price,1100,87191,127783
2015-05-31,transaction,992,78015,101523
2015-05-31,buy,985,70903,91288
2015-05-31,network,920,93232,102792
2015-05-31,blocks,883,116491,121598
2017-01-31,buy,1965,93678,209338
2017-01-31,price,1835,85728,195732
2017-01-31,money,1778,112650,237420
2017-01-31,wallet,1698,51543,89025
2017-01-31,coinbase,1365,46884,82521
2017-01-31,blockchain,1107,43239,170551
2017-01-31,transaction,1010,53429,69522
2017-01-31,nhttps,979,37642,86009
2017-01-31,value,937,58146,129295
2017-01-31,segwit,874,101051,105132
2017-06-30,wallet,2549,482071,528374
2017-06-30,buy,2249,331452,560502
2017-06-30,money,2209,279289,452748
2017-06-30,segwit,2108,217688,272597
2017-06-30,price,1839,205479,398827
2017-06-30,coinbase,1714,382079,461326
2017-06-30,coins,1628,199037,322259
2017-06-30,transaction,1407,171677,215755
2017-06-30,miners,1407,147428,228703
2017-06-30,chain,1385,118177,146616
2016-10-31,money,1095,60318,86465
2016-10-31,blockchain,925,32868,47491
2016-10-31,wallet,838,21220,27005
2016-10-31,transaction,748,38243,38611
2016-10-31,block,708,70093,40865
2016-10-31,transactions,684,40820,34530
2016-10-31,buy,644,23608,38965
2016-10-31,price,617,22581,27362
2016-10-31,bank,595,29043,76958
2016-10-31,network,534,42258,32711
2016-05-31,satoshi,1605,192811,404426
2016-05-31,money,1133,64732,113056
2016-05-31,blockchain,1035,52533,83106
2016-05-31,wright,953,91420,219337
2016-05-31,wallet,889,22532,27222
2016-05-31,craig,864,88264,210599
2016-05-31,block,748,74130,72914
2016-05-31,buy,652,30961,45860
2016-05-31,gavin,651,80419,172330
2016-05-31,coins,631,55332,64908
2017-11-30,buy,10373,1514764,7539546
2017-11-30,money,7737,1117291,5159700
2017-11-30,price,7041,872251,3267419
2017-11-30,wallet,6800,415807,1687665
2017-11-30,coinbase,6227,596643,1946259
2017-11-30,sell,4334,598694,2153193
2017-11-30,coins,4312,421983,1558354
2017-11-30,right,3997,602664,2710002
2017-11-30,fees,3910,295627,901447
2017-11-30,value,3694,451232,2316999
2016-09-30,wallet,911,32251,50063
2016-09-30,money,908,39410,80313
2016-09-30,blockchain,885,30492,57255
2016-09-30,buy,690,24778,37350
2016-09-30,nhttps,613,15082,19615
2016-09-30,bank,507,22027,49689
2016-09-30,transaction,465,26220,35067
2016-09-30,price,442,17067,27129
2016-09-30,pay,424,17121,30743
2016-09-30,exchange,419,13188,24416
